Hills Prescription Diet AD Dog & Cat Food » Liver & Chicken Wet » 24 x 156g Cans,£41.27,http://static1.viovet.co.uk/pi/created_1350058007.png,Estimated dispatch within 24 working hours,110368
Hills Prescription Diet B/D Dog Food » Dry » 5kg Bag,£33.01,http://static1.viovet.co.uk/pi/created_1350057815.png,Out of stock: Supplier unable to advise delivery date,110251
Hills Prescription Diet B/D Dog Food » Dry » 12kg Bag,£57.08,http://static1.viovet.co.uk/pi/created_1350057815.png,Estimated dispatch within 24 working hours,125873
Hills Prescription Diet C/D Dog Food » Dry » 2kg Bag,£13.14,http://static2.viovet.co.uk/pi/created_1400854456.png,Estimated dispatch within 24 working hours,110256
Hills Prescription Diet C/D Dog Food » Dry » 5kg Bag,£30.43,http://static2.viovet.co.uk/pi/created_1400854456.png,Estimated dispatch within 24 working hours,110257
Hills Prescription Diet C/D Dog Food » Dry » 12kg Bag,£55.31,http://static2.viovet.co.uk/pi/created_1400854456.png,Estimated dispatch within 24 working hours,117721
Hills Prescription Diet C/D Dog Food » Wet » 12 x 370g Cans,£23.49,http://static2.viovet.co.uk/pi/created_1400854456.png,Estimated dispatch within 24 working hours,110259
Hills Prescription Diet D/D Dog Food » Duck & Rice Dry » 2kg Bag,£15.58,http://static1.viovet.co.uk/pi/created_1400854725.png,Estimated dispatch within 24 working hours,110310
Hills Prescription Diet D/D Dog Food » Duck & Rice Dry » 5kg Bag,£32.39,http://static1.viovet.co.uk/pi/created_1400854725.png,Estimated dispatch within 24 working hours,110313
Hills Prescription Diet D/D Dog Food » Duck & Rice Dry » 12kg Bag,£59.45,http://static1.viovet.co.uk/pi/created_1400854725.png,Estimated dispatch within 24 working hours,117689
Hills Prescription Diet D/D Dog Food » Duck Wet » 12 x 370g Cans,£23.09,http://static1.viovet.co.uk/pi/created_1400854725.png,Estimated dispatch within 24 working hours,110319
Hills Prescription Diet D/D Dog Food » Egg & Rice Dry » 2kg Bag,£15.40,http://static1.viovet.co.uk/pi/created_1400854725.png,Estimated dispatch within 24 working hours,110311
Hills Prescription Diet D/D Dog Food » Egg & Rice Dry » 5kg Bag,£32.46,http://static1.viovet.co.uk/pi/created_1400854725.png,Estimated dispatch within 24 working hours,110314
Hills Prescription Diet D/D Dog Food » Egg & Rice Dry » 12kg Bag,£59.61,http://static1.viovet.co.uk/pi/created_1400854725.png,Estimated dispatch within 24 working hours,117749
Hills Prescription Diet D/D Dog Food » Lamb & Rice Wet » 12 x 370g Cans,£23.31,http://static1.viovet.co.uk/pi/created_1400854725.png,Estimated dispatch within 24 working hours,110320
Hills Prescription Diet D/D Dog Food » Salmon & Rice Dry » 2kg Bag,£15.04,http://static1.viovet.co.uk/pi/created_1400854725.png,Estimated dispatch within 24 working hours,110309
Hills Prescription Diet D/D Dog Food » Salmon & Rice Dry » 5kg Bag,£31.78,http://static1.viovet.co.uk/pi/created_1400854725.png,Estimated dispatch within 24 working hours,110312
Hills Prescription Diet D/D Dog Food » Salmon & Rice Dry » 12kg Bag,£59.53,http://static1.viovet.co.uk/pi/created_1400854725.png,Estimated dispatch within 24 working hours,117753
Hills Prescription Diet D/D Dog Food » Salmon Wet » 12 x 370g Cans,£22.99,http://static1.viovet.co.uk/pi/created_1400854725.png,Estimated dispatch within 24 working hours,112180
Hills Prescription Diet D/D Dog Food » Venison Wet » 12 x 370g Cans,£22.98,http://static1.viovet.co.uk/pi/created_1400854725.png,Estimated dispatch within 24 working hours,110317
Hills Prescription Diet H/D Dog Food » Dry » 5kg Bag,£36.38,http://static2.viovet.co.uk/pi/created_1400855148.png,Estimated dispatch within 24 working hours,110321
Hills Prescription Diet H/D Dog Food » Wet » 12 x 370g Cans,£25.66,http://static2.viovet.co.uk/pi/created_1400855148.png,Estimated dispatch within 24 working hours,110322
Hills Prescription Diet I/D Dog Food » Dry » 2kg Bag,£14.71,http://static1.viovet.co.uk/pi/created_1400855425.png,Estimated dispatch within 24 working hours,110324
Hills Prescription Diet I/D Dog Food » Dry » 5kg Bag,£30.73,http://static1.viovet.co.uk/pi/created_1400855425.png,Estimated dispatch within 24 working hours,110325
Hills Prescription Diet I/D Dog Food » Dry » 12kg Bag,£56.18,http://static1.viovet.co.uk/pi/created_1400855425.png,Estimated dispatch within 24 working hours,117688
Hills Prescription Diet I/D Dog Food » Low Fat Dry » 1.5kg Bag,£11.19,http://static1.viovet.co.uk/pi/created_1400855425.png,Estimated dispatch within 24 working hours,140544
Hills Prescription Diet I/D Dog Food » Low Fat Dry » 6kg Bag,£34.00,http://static1.viovet.co.uk/pi/created_1400855425.png,Estimated dispatch within 24 working hours,140546
Hills Prescription Diet I/D Dog Food » Low Fat Dry » 12kg Bag,£60.33,http://static1.viovet.co.uk/pi/created_1400855425.png,Estimated dispatch within 24 working hours,140547
Hills Prescription Diet I/D Dog Food » Low Fat Wet » 12 x 360g Cans,£23.27,http://static1.viovet.co.uk/pi/created_1400855425.png,Estimated dispatch within 24 working hours,140548
Hills Prescription Diet I/D Dog Food » Recovery Pack Wet » 12 x 360g Cans,£24.58,http://static1.viovet.co.uk/pi/created_1400855425.png,Estimated dispatch within 24 working hours,110327
Hills Prescription Diet I/D Dog Food » Wet » 3 x 360g Cans,£6.10,http://static1.viovet.co.uk/pi/created_1400855425.png,Estimated dispatch within 24 working hours,153711
Hills Prescription Diet I/D Dog Food » Wet » 12 x 360g Cans,£23.26,http://static1.viovet.co.uk/pi/created_1400855425.png,Estimated dispatch within 24 working hours,110323
Hills Prescription Diet I/D Dog Food » Dry » 2kg Bag,£14.71,http://static1.viovet.co.uk/pi/created_1400855425.png,Estimated dispatch within 24 working hours,110324
Hills Prescription Diet I/D Dog Food » Dry » 5kg Bag,£30.73,http://static1.viovet.co.uk/pi/created_1400855425.png,Estimated dispatch within 24 working hours,110325
Hills Prescription Diet I/D Dog Food » Dry » 12kg Bag,£56.18,http://static1.viovet.co.uk/pi/created_1400855425.png,Estimated dispatch within 24 working hours,117688
Hills Prescription Diet I/D Dog Food » Low Fat Dry » 1.5kg Bag,£11.19,http://static1.viovet.co.uk/pi/created_1400855425.png,Estimated dispatch within 24 working hours,140544
Hills Prescription Diet I/D Dog Food » Low Fat Dry » 6kg Bag,£34.00,http://static1.viovet.co.uk/pi/created_1400855425.png,Estimated dispatch within 24 working hours,140546
Hills Prescription Diet I/D Dog Food » Low Fat Dry » 12kg Bag,£60.33,http://static1.viovet.co.uk/pi/created_1400855425.png,Estimated dispatch within 24 working hours,140547
Hills Prescription Diet I/D Dog Food » Low Fat Wet » 12 x 360g Cans,£23.27,http://static1.viovet.co.uk/pi/created_1400855425.png,Estimated dispatch within 24 working hours,140548
Hills Prescription Diet I/D Dog Food » Recovery Pack Wet » 12 x 360g Cans,£24.58,http://static1.viovet.co.uk/pi/created_1400855425.png,Estimated dispatch within 24 working hours,110327
Hills Prescription Diet I/D Dog Food » Wet » 3 x 360g Cans,£6.10,http://static1.viovet.co.uk/pi/created_1400855425.png,Estimated dispatch within 24 working hours,153711
Hills Prescription Diet I/D Dog Food » Wet » 12 x 360g Cans,£23.26,http://static1.viovet.co.uk/pi/created_1400855425.png,Estimated dispatch within 24 working hours,110323
Hills Prescription Diet J/D Dog Food » Dry » 2kg Bag,£16.22,http://static1.viovet.co.uk/pi/created_1400856415.png,Estimated dispatch within 24 working hours,110330
Hills Prescription Diet J/D Dog Food » Dry » 5kg Bag,£33.07,http://static1.viovet.co.uk/pi/created_1400856415.png,Estimated dispatch within 24 working hours,110329
Hills Prescription Diet J/D Dog Food » Dry » 12kg Bag,£58.48,http://static1.viovet.co.uk/pi/created_1400856415.png,Estimated dispatch within 24 working hours,117677
Hills Prescription Diet J/D Dog Food » Mini Dry » 2kg Bag,£15.10,http://static1.viovet.co.uk/pi/created_1400856415.png,Estimated dispatch within 24 working hours,117195
Hills Prescription Diet J/D Dog Food » Mini Dry » 5kg Bag,£32.20,http://static1.viovet.co.uk/pi/created_1400856415.png,Estimated dispatch within 24 working hours,117196
Hills Prescription Diet J/D Dog Food » Reduced Calorie Dry » 4kg Bag,£25.92,http://static1.viovet.co.uk/pi/created_1400856415.png,Estimated dispatch within 24 working hours,110334
Hills Prescription Diet J/D Dog Food » Reduced Calorie Dry » 12kg Bag,£60.42,http://static1.viovet.co.uk/pi/created_1400856415.png,Estimated dispatch within 24 working hours,110332
Hills Prescription Diet J/D Dog Food » Wet » 12 x 370g Cans,£24.46,http://static1.viovet.co.uk/pi/created_1400856415.png,Estimated dispatch within 24 working hours,110328
Hills Prescription Diet K/D Dog Food » Dry » 2kg Bag,£14.94,http://static2.viovet.co.uk/pi/created_1400856648.png,Estimated dispatch within 24 working hours,110248
Hills Prescription Diet K/D Dog Food » Dry » 5kg Bag,£32.17,http://static2.viovet.co.uk/pi/created_1400856648.png,Estimated dispatch within 24 working hours,110249
Hills Prescription Diet K/D Dog Food » Dry » 12kg Bag,£55.27,http://static2.viovet.co.uk/pi/created_1400856648.png,Estimated dispatch within 24 working hours,117729
Hills Prescription Diet K/D Dog Food » Wet » 12 x 370g Cans,£23.58,http://static2.viovet.co.uk/pi/created_1400856648.png,Estimated dispatch within 24 working hours,110333
Hills Prescription Diet L/D Dog Food » Dry » 2kg Bag,£15.26,http://static1.viovet.co.uk/pi/created_1400856883.png,Estimated dispatch within 24 working hours,110338
Hills Prescription Diet L/D Dog Food » Dry » 5kg Bag,£33.17,http://static1.viovet.co.uk/pi/created_1400856883.png,Estimated dispatch within 24 working hours,110339
Hills Prescription Diet L/D Dog Food » Dry » 12kg Bag,£58.30,http://static1.viovet.co.uk/pi/created_1400856883.png,Estimated dispatch within 24 working hours,125889
Hills Prescription Diet L/D Dog Food » Wet » 12 x 370g Cans,£25.81,http://static1.viovet.co.uk/pi/created_1400856883.png,Estimated dispatch within 24 working hours,110336
Hills Prescription Metabolic Advanced Weight Dog Food » Dry » 1.5kg Bag,£11.12,http://static2.viovet.co.uk/pi/created_1400857060.png,Estimated dispatch within 24 working hours,142743
Hills Prescription Metabolic Advanced Weight Dog Food » Dry » 4kg Bag,£25.09,http://static2.viovet.co.uk/pi/created_1400857060.png,Estimated dispatch within 24 working hours,142741
Hills Prescription Metabolic Advanced Weight Dog Food » Dry » 12kg Bag,£55.97,http://static2.viovet.co.uk/pi/created_1400857060.png,Estimated dispatch within 24 working hours,142740
Hills Prescription Metabolic Advanced Weight Dog Food » Mini Dry » 1.5kg Bag,£10.39,http://static2.viovet.co.uk/pi/created_1400857060.png,Estimated dispatch within 24 working hours,151003
Hills Prescription Metabolic Advanced Weight Dog Food » Mini Dry » 6kg Bag,£36.20,http://static2.viovet.co.uk/pi/created_1400857060.png,Estimated dispatch within 24 working hours,151004
Hills Prescription Metabolic Advanced Weight Dog Food » Wet » 12 x 370g Cans,£25.75,http://static2.viovet.co.uk/pi/created_1400857060.png,Estimated dispatch within 24 working hours,142742
Hills Prescription Metabolic Advanced Weight Solution Dog Treats » Dry » 220g Bag,£3.53,http://static1.viovet.co.uk/pi/created_1401270539.png,Estimated dispatch within 24 working hours,151006
Hills Prescription Diet N/D Dog Food » Wet » 12 x 360g Cans,£26.77,http://static2.viovet.co.uk/pi/created_1350058434.png,Estimated dispatch within 24 working hours,110340
Hills Prescription Diet P/D Dog Food » Wet » 12 x 370g Cans,£24.09,http://static2.viovet.co.uk/pi/created_1400857240.png,Estimated dispatch within 24 working hours,110342
Hills Prescription Diet R/D Dog Food » Dry » 1.5kg Bag,£11.19,http://static1.viovet.co.uk/pi/created_1400857435.png,Estimated dispatch within 24 working hours,110346
Hills Prescription Diet R/D Dog Food » Dry » 4kg Bag,£23.15,http://static1.viovet.co.uk/pi/created_1400857435.png,Estimated dispatch within 24 working hours,110347
Hills Prescription Diet R/D Dog Food » Dry » 12kg Bag,£52.61,http://static1.viovet.co.uk/pi/created_1400857435.png,Estimated dispatch within 24 working hours,110348
Hills Prescription Diet R/D Dog Food » Mini Dry » 1.5kg Bag,£10.41,http://static1.viovet.co.uk/pi/created_1400857435.png,Estimated dispatch within 24 working hours,117197
Hills Prescription Diet R/D Dog Food » Mini Dry » 6kg Bag,£34.63,http://static1.viovet.co.uk/pi/created_1400857435.png,Estimated dispatch within 24 working hours,117198
Hills Prescription Diet R/D Dog Food » Wet » 12 x 350g Cans,£23.62,http://static1.viovet.co.uk/pi/created_1400857435.png,Estimated dispatch within 24 working hours,110345
Hills Prescription Diet S/D Dog Food » Wet » 12 x 370g Cans,£25.19,http://static1.viovet.co.uk/pi/created_1350058633.png,Estimated dispatch within 24 working hours,110349
Hills Prescription Diet T/D Dog Food » Dry » 700g Bag,£4.72,http://static2.viovet.co.uk/pi/created_1350058690.png,Estimated dispatch within 24 working hours,149376
Hills Prescription Diet T/D Dog Food » Dry » 3kg Bag,£21.69,http://static2.viovet.co.uk/pi/created_1350058690.png,Estimated dispatch within 24 working hours,110351
Hills Prescription Diet T/D Dog Food » Dry » 10kg Bag,£55.43,http://static2.viovet.co.uk/pi/created_1350058690.png,Estimated dispatch within 24 working hours,110350
Hills Prescription Diet T/D Dog Food » Mini Dry » 700g Bag,£4.65,http://static2.viovet.co.uk/pi/created_1350058690.png,Estimated dispatch within 24 working hours,149377
Hills Prescription Diet T/D Dog Food » Mini Dry » 3kg Bag,£21.51,http://static2.viovet.co.uk/pi/created_1350058690.png,Estimated dispatch within 24 working hours,110353
Hills Prescription Diet T/D Dog Food » Mini Dry » 1.5kg Bag,£11.51,http://static2.viovet.co.uk/pi/created_1350058690.png,Estimated dispatch within 24 working hours,110352
Hills Prescription Diet U/D Dog Food » Dry » 5kg Bag,£34.73,http://static1.viovet.co.uk/pi/created_1400857831.png,Estimated dispatch within 24 working hours,110354
Hills Prescription Diet U/D Dog Food » Dry » 12kg Bag,£59.79,http://static1.viovet.co.uk/pi/created_1400857831.png,Estimated dispatch within 24 working hours,124969
Hills Prescription Diet U/D Dog Food » Wet » 12 x 370g Cans,£25.24,http://static1.viovet.co.uk/pi/created_1400857831.png,Estimated dispatch within 24 working hours,110355
Hills Prescription Diet W/D Dog Food » Dry » 1.5kg Bag,£10.24,http://static1.viovet.co.uk/pi/created_1400857999.png,Estimated dispatch within 24 working hours,110360
Hills Prescription Diet W/D Dog Food » Dry » 4kg Bag,£22.76,http://static1.viovet.co.uk/pi/created_1400857999.png,Estimated dispatch within 24 working hours,110359
Hills Prescription Diet W/D Dog Food » Dry » 12kg Bag,£52.31,http://static1.viovet.co.uk/pi/created_1400857999.png,Estimated dispatch within 24 working hours,110361
Hills Prescription Diet W/D Dog Food » Mini Dry » 1.5kg Bag,£10.03,http://static1.viovet.co.uk/pi/created_1400857999.png,Estimated dispatch within 24 working hours,117199
Hills Prescription Diet W/D Dog Food » Mini Dry » 6kg Bag,£32.76,http://static1.viovet.co.uk/pi/created_1400857999.png,Estimated dispatch within 24 working hours,117200
Hills Prescription Diet W/D Dog Food » Wet » 12 x 370g Cans,£22.79,http://static1.viovet.co.uk/pi/created_1400857999.png,Estimated dispatch within 24 working hours,110357
Hills Prescription Diet Z/D Dog Food » Low Allergen Dry » 2kg Bag,£15.40,http://static1.viovet.co.uk/pi/created_1400858219.png,Estimated dispatch within 24 working hours,110362
Hills Prescription Diet Z/D Dog Food » Low Allergen Dry » 7.5kg Bag,£44.45,http://static1.viovet.co.uk/pi/created_1400858219.png,Estimated dispatch within 24 working hours,110363
Hills Prescription Diet Z/D Dog Food » Ultra Allergen Free Dry » 3kg Bag,£23.22,http://static1.viovet.co.uk/pi/created_1400858219.png,Estimated dispatch within 24 working hours,110364
Hills Prescription Diet Z/D Dog Food » Ultra Allergen Free Dry » 10kg Bag,£56.05,http://static1.viovet.co.uk/pi/created_1400858219.png,Estimated dispatch within 24 working hours,110365
Hills Prescription Diet Z/D Dog Food » Ultra Allergen Free Wet » 12 x 370g Cans,£23.52,http://static1.viovet.co.uk/pi/created_1400858219.png,Estimated dispatch within 24 working hours,110367
Hills Prescription Diet Z/D Dog Food » Ultra Allergen Free Wet » 24 x 156g Cans,£25.13,http://static1.viovet.co.uk/pi/created_1400858219.png,Estimated dispatch within 24 working hours,110366
